{"cameraMode":{"drawMode":0,"name":"Shaded","section":"Shading Mode"},"sceneLighting":true,"audioPlay":false,"sceneViewState":{"showFog":true,"showMaterialUpdate":false,"showSkybox":true,"showFlares":true,"showImageEffects":true,"showParticleSystems":true},"in2DMode":false,"pivot":{"x":-5.625211238861084,"y":-0.8983877897262573,"z":-9.613750457763672},"rotation":{"x":-0.1474263072013855,"y":0.8390972018241882,"z":-0.27928972244262698,"w":-0.4429405629634857},"size":3.881204843521118,"orthographic":false}